# omega 	 delta_omega 	 B 	 delta_B
4.705800859181835105e-01	1.226229529872949024e-02	1.156000000000000126e-03	2.409926139947032105e-04
5.506735589114448715e-01	3.208613836321661666e-02	1.360000000000000098e-03	2.803711825420010084e-04
7.923310601739705916e-01	4.616681446712505438e-02	2.040000000000000147e-03	4.136278520602790112e-04
1.146566661894085071e+00	6.680708735844920199e-02	2.720000000000000195e-03	5.482335268843014546e-04
1.396263401595463582e+00	8.135618638317813900e-02	3.400000000000000244e-03	6.833915422362206492e-04
1.675516081914556255e+00	9.762742365981376402e-02	4.080000000000000293e-03	8.188284313578762449e-04
