# rmg 	 delta_rmg 	 muB 	 delta_muB
1.972000000000000228e-03	4.002191399720908278e-04	2.432359999999999963e-10	1.216180000000394905e-07
2.067200000000000374e-03	4.189947894664086485e-04	1.216180000000000001e-04	1.311180305068681151e-07
2.298399999999999922e-03	4.646823672144231561e-04	2.432360000000000002e-04	1.561887893672269773e-07
2.448000000000000089e-03	4.942996661945060462e-04	3.648540000000000138e-04	1.907876775999959673e-07
2.611200000000000153e-03	5.266484763103374206e-04	4.864720000000000003e-04	2.306662912607735246e-07
2.720000000000000195e-03	5.482335268843014546e-04	6.080900000000000411e-04	2.735250224824047282e-07
2.883200000000000259e-03	5.806355910551816045e-04	7.297080000000000276e-04	3.181618109138807207e-07
3.060000000000000220e-03	6.157661893933444449e-04	8.513260000000000141e-04	3.639229835061259164e-07
